Idx,E,E_pred
0,7.53049,14.508913
